{"cameraMode":{"drawMode":0,"name":"Shaded","section":"Shading Mode"},"sceneLighting":true,"audioPlay":false,"sceneViewState":{"showFog":true,"showMaterialUpdate":true,"showSkybox":true,"showFlares":true,"showImageEffects":true,"showParticleSystems":true},"in2DMode":false,"pivot":{"x":478.8006286621094,"y":470.6656188964844,"z":47.453948974609378},"rotation":{"x":0.0023979831021279098,"y":0.002999643562361598,"z":-0.000007095386081346078,"w":0.9999938011169434},"size":1187.87890625,"orthographic":false}