{"cameraMode":{"drawMode":0,"name":"Shaded","section":"Shading Mode"},"sceneLighting":false,"audioPlay":false,"sceneViewState":{"showFog":true,"showMaterialUpdate":true,"showSkybox":false,"showFlares":true,"showImageEffects":true,"showParticleSystems":true},"in2DMode":false,"pivot":{"x":0.7915879487991333,"y":0.06441795825958252,"z":-6.632041931152344},"rotation":{"x":0.2403448522090912,"y":0.2937178611755371,"z":-0.07656513154506684,"w":0.9220110774040222},"size":3.6000568866729738,"orthographic":false}