{"cameraMode":{"drawMode":0,"name":"Shaded","section":"Shading Mode"},"sceneLighting":true,"audioPlay":false,"sceneViewState":{"showFog":true,"showMaterialUpdate":true,"showSkybox":true,"showFlares":true,"showImageEffects":true,"showParticleSystems":true},"in2DMode":false,"pivot":{"x":1.950500249862671,"y":-0.18847393989562989,"z":-6.524497032165527},"rotation":{"x":0.0755997896194458,"y":0.8737969398498535,"z":-0.1441529542207718,"w":0.4582555294036865},"size":2.392880916595459,"orthographic":false}