{"cameraMode":{"drawMode":0,"name":"Shaded","section":"Shading Mode"},"sceneLighting":false,"audioPlay":false,"sceneViewState":{"showFog":true,"showMaterialUpdate":true,"showSkybox":false,"showFlares":true,"showImageEffects":true,"showParticleSystems":true},"in2DMode":false,"pivot":{"x":-0.5624613165855408,"y":0.045566022396087649,"z":0.0010986328125},"rotation":{"x":0.3046855032444,"y":-0.611075758934021,"z":0.2750915288925171,"w":0.6768152713775635},"size":0.9037103056907654,"orthographic":false}