{"cameraMode":{"drawMode":0,"name":"Shaded","section":"Shading Mode"},"sceneLighting":false,"audioPlay":false,"sceneViewState":{"showFog":false,"showMaterialUpdate":false,"showSkybox":false,"showFlares":false,"showImageEffects":false,"showParticleSystems":false},"in2DMode":false,"pivot":{"x":-23.90999984741211,"y":0.5,"z":-3.5899999141693117},"rotation":{"x":0.20120792090892793,"y":0.08656170964241028,"z":-0.017856299877166749,"w":0.9755570292472839},"size":2.857884645462036,"orthographic":false}