{"cameraMode":{"drawMode":0,"name":"Shaded","section":"Shading Mode"},"sceneLighting":true,"audioPlay":false,"sceneViewState":{"showFog":false,"showMaterialUpdate":false,"showSkybox":false,"showFlares":false,"showImageEffects":false,"showParticleSystems":false},"in2DMode":false,"pivot":{"x":0.6128387451171875,"y":1.2030119895935059,"z":-4.081571102142334},"rotation":{"x":0.20120792090892793,"y":0.08656170964241028,"z":-0.017856299877166749,"w":0.9755570292472839},"size":4.763855934143066,"orthographic":false}