{"cameraMode":{"drawMode":0,"name":"Shaded","section":"Shading Mode"},"sceneLighting":true,"audioPlay":false,"sceneViewState":{"showFog":true,"showMaterialUpdate":true,"showSkybox":true,"showFlares":true,"showImageEffects":true,"showParticleSystems":true},"in2DMode":false,"pivot":{"x":20.396236419677736,"y":-1.2717771530151368,"z":4.500375270843506},"rotation":{"x":0.2282738983631134,"y":-0.027744678780436517,"z":0.006505604367703199,"w":0.9731857180595398},"size":13.153237342834473,"orthographic":false}