{"cameraMode":{"drawMode":0,"name":"Shaded","section":"Shading Mode"},"sceneLighting":true,"audioPlay":false,"sceneViewState":{"showFog":false,"showMaterialUpdate":false,"showSkybox":false,"showFlares":false,"showImageEffects":false,"showParticleSystems":false},"in2DMode":false,"pivot":{"x":0.5433943271636963,"y":-0.21765726804733277,"z":-0.10363273322582245},"rotation":{"x":0.259309321641922,"y":-0.08677873015403748,"z":0.023401034995913507,"w":0.9616033434867859},"size":3.596315622329712,"orthographic":false}