{"cameraMode":{"drawMode":0,"name":"Shaded","section":"Shading Mode"},"sceneLighting":false,"audioPlay":false,"sceneViewState":{"showFog":true,"showMaterialUpdate":true,"showSkybox":false,"showFlares":true,"showImageEffects":true,"showParticleSystems":true},"in2DMode":false,"pivot":{"x":0.13606643676757813,"y":0.17800000309944154,"z":-5.645555019378662},"rotation":{"x":0.0486314557492733,"y":-0.34759068489074709,"z":0.018055513501167299,"w":0.9362109303474426},"size":0.21039025485515595,"orthographic":true}