{"cameraMode":{"drawMode":0,"name":"Shaded","section":"Shading Mode"},"sceneLighting":true,"audioPlay":false,"sceneViewState":{"showFog":true,"showMaterialUpdate":true,"showSkybox":true,"showFlares":true,"showImageEffects":true,"showParticleSystems":true},"in2DMode":false,"pivot":{"x":0.5199999809265137,"y":4641.90380859375,"z":-1.7000000476837159},"rotation":{"x":-0.018601426854729654,"y":5.022442906010838e-8,"z":-2.2612449868120167e-7,"w":0.9998300075531006},"size":22.0,"orthographic":false}