{"cameraMode":{"drawMode":0,"name":"Shaded","section":"Shading Mode"},"sceneLighting":true,"audioPlay":false,"sceneViewState":{"showFog":true,"showMaterialUpdate":true,"showSkybox":true,"showFlares":true,"showImageEffects":true,"showParticleSystems":true},"in2DMode":false,"pivot":{"x":386.1000061035156,"y":1048.5999755859375,"z":0.0},"rotation":{"x":0.032472141087055209,"y":-0.9675228595733643,"z":0.17905978858470918,"w":0.17545774579048158},"size":306.1405944824219,"orthographic":false}