{"cameraMode":{"drawMode":0,"name":"Shaded","section":"Shading Mode"},"sceneLighting":true,"audioPlay":false,"sceneViewState":{"showFog":true,"showMaterialUpdate":true,"showSkybox":true,"showFlares":true,"showImageEffects":true,"showParticleSystems":true},"in2DMode":false,"pivot":{"x":0.5130000114440918,"y":0.0,"z":-5.7870001792907719},"rotation":{"x":-0.0005201666499488056,"y":-0.9994116425514221,"z":0.029389413073658944,"w":-0.01769503951072693},"size":3.2421278953552248,"orthographic":true}