{"cameraMode":{"drawMode":0,"name":"Shaded","section":"Shading Mode"},"sceneLighting":true,"audioPlay":false,"sceneViewState":{"showFog":false,"showMaterialUpdate":false,"showSkybox":false,"showFlares":false,"showImageEffects":false,"showParticleSystems":false},"in2DMode":false,"pivot":{"x":0.7150055766105652,"y":0.21434810757637025,"z":-5.991938591003418},"rotation":{"x":0.2906006872653961,"y":-0.11304695904254914,"z":0.034598298370838168,"w":0.9495132565498352},"size":1.2201976776123047,"orthographic":false}