{"cameraMode":{"drawMode":0,"name":"Shaded","section":"Shading Mode"},"sceneLighting":false,"audioPlay":false,"sceneViewState":{"showFog":true,"showMaterialUpdate":true,"showSkybox":true,"showFlares":true,"showImageEffects":true,"showParticleSystems":true},"in2DMode":false,"pivot":{"x":0.4807683229446411,"y":0.8980891704559326,"z":0.3080742359161377},"rotation":{"x":0.3483283817768097,"y":-0.39990803599357607,"z":0.1676187664270401,"w":0.8310537934303284},"size":4.509321689605713,"orthographic":false}