{"cameraMode":{"drawMode":0,"name":"Shaded","section":"Shading Mode"},"sceneLighting":false,"audioPlay":false,"sceneViewState":{"showFog":true,"showMaterialUpdate":true,"showSkybox":false,"showFlares":true,"showImageEffects":true,"showParticleSystems":true},"in2DMode":false,"pivot":{"x":0.5610055923461914,"y":0.10000000149011612,"z":0.1699996292591095},"rotation":{"x":0.7132847309112549,"y":-0.014713921584188939,"z":0.014981184154748917,"w":0.7005597949028015},"size":3.7125966548919679,"orthographic":true}