{"cameraMode":{"drawMode":0,"name":"Shaded","section":"Shading Mode"},"sceneLighting":true,"audioPlay":false,"sceneViewState":{"showFog":true,"showMaterialUpdate":true,"showSkybox":true,"showFlares":true,"showImageEffects":true,"showParticleSystems":true},"in2DMode":false,"pivot":{"x":18.3700008392334,"y":1.6299999952316285,"z":13.239999771118164},"rotation":{"x":0.05181380733847618,"y":-0.826299250125885,"z":0.07706804573535919,"w":0.5555275082588196},"size":22.0,"orthographic":false}