{"cameraMode":{"drawMode":0,"name":"Shaded","section":"Shading Mode"},"sceneLighting":true,"audioPlay":false,"sceneViewState":{"showFog":true,"showMaterialUpdate":true,"showSkybox":true,"showFlares":true,"showImageEffects":true,"showParticleSystems":true},"in2DMode":false,"pivot":{"x":1.2810426950454713,"y":0.19351273775100709,"z":-5.196176528930664},"rotation":{"x":0.142079696059227,"y":-0.26238980889320376,"z":0.03909221664071083,"w":0.9536449313163757},"size":2.5201706886291506,"orthographic":false}