{"cameraMode":{"drawMode":0,"name":"Shaded","section":"Shading Mode"},"sceneLighting":false,"audioPlay":false,"sceneViewState":{"showFog":true,"showMaterialUpdate":true,"showSkybox":false,"showFlares":true,"showImageEffects":true,"showParticleSystems":true},"in2DMode":false,"pivot":{"x":0.13606643676757813,"y":0.17800000309944154,"z":-5.645555019378662},"rotation":{"x":0.3092624843120575,"y":0.1559710055589676,"z":-0.051496487110853198,"w":0.936684787273407},"size":0.40248700976371767,"orthographic":true}