{"cameraMode":{"drawMode":0,"name":"Shaded","section":"Shading Mode"},"sceneLighting":true,"audioPlay":false,"sceneViewState":{"showFog":true,"showMaterialUpdate":true,"showSkybox":true,"showFlares":true,"showImageEffects":true,"showParticleSystems":true},"in2DMode":false,"pivot":{"x":0.5433943271636963,"y":-2.4749999046325685,"z":-0.10363274812698364},"rotation":{"x":0.2713657021522522,"y":-0.0620269849896431,"z":0.01752736233174801,"w":0.9603177309036255},"size":9.130703926086426,"orthographic":false}